BSA,Rep1,Rep2,Rep3,Rep4
0.0,0.10593625380275179,0.1101943527442457,0.11356371340699695,0.08489842565752026
2.5,0.22413328940427663,0.1797747085437073,0.20885498583752116,0.2267443401688341
5.0,0.3509767194333881,0.29258526883478075,0.3485058279732581,0.3144107218039413
7.5,0.40880744186479734,0.44372766734891217,0.4539703781027532,0.3861755968471899
10.0,0.5060095431153568,0.5316592568387488,0.5395644525963962,0.4956525578905627
12.5,0.5934120910313633,0.6199709051546715,0.5937069463243094,0.6124077651316486
15.0,0.7453042129475329,0.722413354881378,0.7229588355699721,0.6649254841598501
